{"modelpoints": [[-1.996779278372323, -1.7229292252152104, 0.01909580929057148], [0.20558243680806665, -1.362915682273214, 0.02043344297487746], [0.70427750516464, -1.2656013122345842, 0.020495185978753327], [-1.499866608908221, -1.6135042686162457, 0.01927306102735673], [0.2729521746633454, -1.7043507309432646, 0.02041223527252555], [-1.5981874207260227, -0.9945630320781654, 0.019724483356370323]], "rightCameraPos": [1.9754434973148474, 0.3264690785152969, 0.06259636078941275]}