{"modelpoints": [[-2.0946978224215735, -1.7868444920395203, -0.014612240061284065], [0.1898283500432747, -1.3952011515729625, -0.013101878277496608], [0.6989579985640966, -1.295777702110025, -0.013045239421768929], [-1.6150222196774926, -1.69747729131517, -0.014629125613136321], [0.2586405918133818, -1.7442960027714007, -0.013118370074684495], [-1.8232335865403317, -1.0966226105342811, -0.0147535223554528]], "rightCameraPos": [0.9865807749147636, 0.1598487711669395, 0.03326777607541702]}