{"modelpoints": [[0.8854912329848351, -1.168907906380149, -0.013085344836719647], [1.3028264577389561, -2.50410534902565, -0.014918507258429168], [-0.9886964293012741, 1.196280962305626, -0.014684436418314283], [-0.07513161099844404, 0.6089699824798617, -0.014218455414759303], [1.389386134582777, 1.1586264961727437, -0.014651405613335456], [-1.6307125742983442, 2.8566663341389753, -0.014473293649849148], [-1.3211956162654777, 1.8309784857632376, -0.014689224792338857], [0.9329477736766492, 2.2183792758639616, -0.014569548195837645], [-1.5109682025286688, 4.037070773771528, -0.014048093166669084], [-2.392819000664736, 3.340345528496279, -0.014567144383154396], [-0.3687642071510135, 0.03357510305108288, -0.012362381039729215], [0.1289171246774388, -0.5396634779849777, -0.013115268175277011]], "rightCameraPos": [0.9865807749147636, 0.1598487711669395, 0.03326777607541702]}