{"anglesRight": [0.0017409441743047808, -0.0021834125150815586, 0.00043222640334860773], "cameraPositionRight": [1.0, 0.1620229941950265, 8.833720276049664], "anglesLeft": [0, 0, 0], "cameraPositionLeft": [0.0, 0.0, 8.8], "baseline": [1.0, 0.1620229941950265, 0.03372027604966377]}