{"baseline": [0.9865807749147636, 0.1598487711669395, 0.03326777607541702], "anglesRight": [0.0017409441743047808, -0.0021834125150815586, 0.00043222640334860773], "anglesLeft": [0, 0, 0], "cameraPositionRight": [1.0, 0.1620229941950265, 8.833720276049664], "cameraPositionLeft": [0.0, 0.0, 8.8]}