{"baseline": [0.9856782234636914, 0.1660837291363237, 0.029234135965234193], "anglesRight": [-0.0008037889505016851, 0.000861256257532873, -0.0032949509220674654], "anglesLeft": [0, 0, 0], "cameraPositionRight": [1.0, 0.16849690414454163, 8.829658904162969], "cameraPositionLeft": [0.0, 0.0, 8.8]}